{
    "metadata":{
        "vertices":6,
        "uvs":0,
        "type":"Geometry",
        "version":3,
        "normals":8,
        "generator":"io_three",
        "faces":8
    },
    "vertices":[-0,1,-0,0,-0,-1.5,-1,-0,-0,0,-1,-0,1,0,-0,0,0,1.5],
    "uvs":[],
    "normals":[0.639602,-0.639602,-0.426401,0.639602,0.639602,-0.426401,-0.639602,0.639602,-0.426401,-0.639602,-0.639602,-0.426401,-0.639602,0.639602,-0.426401,-0.639602,-0.639602,-0.426401,0.639602,-0.639602,-0.426401,0.639602,0.639602,-0.426401],
    "name":"ConeGeometry",
    "faces":[32,3,1,4,0,0,0,32,4,1,0,1,1,1,32,0,1,2,2,2,2,32,2,1,3,3,3,3,32,3,5,4,4,4,4,32,4,5,0,5,5,5,32,0,5,2,6,6,6,32,2,5,3,7,7,7]
}